review_id,PC0,PC1,PC2,PC3,PC4,PC5,PC6,PC7,PC8,PC9,Genre,Original Work,Review Author,Rating Category
 A Decisive Hamlet in a Post-colonial World,-0.27165435630489887,0.11413953408067878,-0.09832682097363564,-0.013922822479551348,-0.03426340769703987,0.035202169993634194,0.00624249168736339,0.026113294944117196,-0.126261407239414,-0.11202173091596108,Tragedy,Hamlet,Yuko Kurahashi,Positive
"""As You Like It"" Amiable at the Folger",-0.3661733483419495,-0.009996979990336509,0.19978201842982568,0.1472089643667107,-0.27900324940931126,-0.2220385519507233,-0.2141469786152355,0.14501354610810996,0.03620736859667177,0.026508366879675806,Comedy,As You Like It,Georgina Petronella,Positive
"""As You Like It"" As It Should Be",-0.3790250720709414,0.04271429468036322,0.05588390083080407,0.043206115405868495,-0.08105397715817984,-0.003398092448630703,0.0024850422217651503,0.08008744831801425,0.10800170063848938,-0.06281864311166985,Comedy,As You Like It,Robert M. LoAlbo,Positive
80s Throwback is a Dream,-0.28999546927959136,-0.20961456495623643,-0.0038336294278119966,-0.01414940997756676,0.01391780480648851,0.01027843447378054,-0.054072280010230095,0.021512916449458328,-0.07469457848605145,0.012428642540376962,Comedy,Midsummer Night's Dream,Denise Battista,Positive
A Beautiful Bard Ballet,-0.22028238894790134,0.011699300375912377,-0.03468845942983868,0.12812956520616345,0.04527462041566631,0.08122023023699075,0.0169560306649829,0.10880315193112672,0.04371140155983608,-0.10636843896793993,Tragedy,Romeo & Juliet,Benjamin Alper,Positive
"A Bold, Inclusive Midsummer ",-0.3105633231621987,-0.4261888247955302,-0.11722951481468694,-0.03582664324550334,0.07229843866005689,-0.004668290813223279,0.020946244913133013,-0.05048671220782518,-0.03587475325585979,0.0006958801727135917,Comedy,Midsummer Night's Dream,Diana Louise Carter,Positive
A Cultural Delight,-0.27477627373321595,-0.2402881903201423,-0.035161015227634554,0.04238352442322476,0.003971343246687921,-0.014409176686414461,0.03151694912713319,0.10726672450040473,-0.05193708896753532,-0.12227886679835442,Comedy,Midsummer Night's Dream,Melissa Crismon,Positive
"A Dark, Swift Othello in Austin",-0.283274397219165,0.10389759920480932,-0.0301746244832347,0.22249720119640054,0.06891281491425896,-0.0649649437062598,-0.006621465576665934,-0.18488455290439815,-0.27929278929539114,0.14260269926802513,Tragedy,Othello,Michael Meigs,Positive
A Delightful Night,-0.3094948605428994,-0.4109960444271584,-0.04741174143106128,-0.032509237711591955,-0.0007184475271760837,-0.07295945175922053,-0.03710091605906992,-0.013422641555331946,-0.016518322085615156,-0.022537712944793623,Comedy,Midsummer Night's Dream,Melissa Crismon,Positive
A Delightfully Terrifying Production of Macbeth,-0.30933020307386583,0.09301312923591765,-0.15579028183915325,-0.15936946684139483,-0.026501113094099003,-0.053588188870652226,-0.007530710229236945,0.033612706298404585,0.05919508253850958,0.033286621243558565,Tragedy,Macbeth,Benjamin Alper,Positive
"A Dream with Lovers, Fairies, Mechanicals, and Audience",-0.3080863870389687,-0.3719934879350338,-0.11796307774334458,-0.0659700502968668,0.04332119901499529,0.014556609934849953,0.005908317793900097,-0.028565905412217006,-0.009978683925984722,0.038646437384401794,Comedy,Midsummer Night's Dream,Eric Minton,Positive
"A Fair Show, a Less Fair ""Twelfth Night""",-0.3695639750542545,0.08929270876355619,0.2937723372516303,-0.11735995304300462,0.1688338132043828,-0.025921880882823174,-0.09021430992476077,-0.016839328802912733,-0.001116671022466275,0.05054562024110473,Comedy,Twelfth Night,J. A. Macfarlane,Negative
A Fast-paced MxBeth Filled with Beautiful Sounds and Fury,-0.3521658635906024,0.13839980493544835,-0.15158433959792456,-0.2805757119986062,-0.06418874183627621,-0.0846046678971439,-0.06764978657272941,-0.06407327479326447,-0.06034837734391217,-0.044760895302672576,Tragedy,Macbeth,Diana Louise Carter,Positive
A Festival Dream of Good and Evil,-0.30602675046752037,-0.022564262861101577,-0.010210178658991747,0.04117956414099727,0.024473567025321056,0.09317271774570086,-0.03966980033239848,0.06419862005162363,0.03731580581207845,0.004932926619330539,Comedy,Midsummer Night's Dream,Claudine Nightingale,Positive
A Forest Translated into an Industrial Dream,-0.3443950996042066,-0.40262997793813676,-0.05125273380172467,0.008054848779652393,0.02243493218064406,-0.1013218862755127,-0.010442088421145568,0.029345251426641742,-0.009812907214407078,0.0012512508242866725,Comedy,Midsummer Night's Dream,Deirdre Yee,Positive
A Forest of Arden Grows in Brooklyn,-0.3248365267805691,-0.019110559688374985,0.10094158264197986,0.10223766702776112,-0.2038715781284296,-0.17344486935304326,-0.10136122740227775,0.1048920799067535,-0.050695690874765935,-0.009565941174646611,Comedy,As You Like It,Roseanne Wells,Positive
A Fun and Faithful Rendition of As You Like It,-0.29328300529519336,-0.040094856049629896,0.19396748623951457,0.09177327726332868,-0.3119109734137732,-0.1955729483041957,-0.009293759010942412,0.06023070810928452,0.04309037589539395,-0.07626301650816804,Comedy,As You Like It,Jennifer Kramer,Positive
A Happier Hamlet (?),-0.2421437238277784,0.06136353703877413,-0.03498189710629496,-0.07634519384885993,-0.014450567916408136,0.08815937206191522,0.014478636229665831,0.04075988823650925,-0.07104858375952687,-0.09269849681096295,Tragedy,Hamlet,Melissa Crismon,Positive
A Highly Enchanting Dream in Hi-Def,-0.27320563119904445,-0.07968087417822163,-0.11593459170974701,0.1649137243651128,0.17551146962044484,-0.06984379114689324,-0.23007332469285005,-0.03444702053355713,0.2813501203667468,0.018644209454591457,Comedy,All's Well That Ends Well,Ron Severdia,Positive
A Hotspur'd Hamlet and a Powerbrokering Female Polonius,-0.3254208962461514,0.08332321233487718,-0.015503783912203533,-0.001823051054493638,-0.012047442008099764,0.17052280086057953,-0.0785024090891258,0.06893345961499597,-0.11112704500338921,-0.0003822863545723705,Tragedy,Hamlet,Michael Meigs,Negative
A Labour of Love not Lost in Translation,-0.2532819130433895,0.030673468821055417,0.11121345463031077,0.015557594748212,-0.16435890691394492,0.28561038968101243,0.08651440590454192,-0.3332027029675701,0.08258819426551488,0.009197503268000916,Comedy,Love's Labour's Lost,Benjamin Alper,Positive
A Merry Transformation in the Forest,-0.35187353357189827,-0.038081206006404744,0.15962286035128986,0.14767216791410748,-0.3109569033329877,-0.19946796557086402,-0.12339271224729655,0.061513897381245776,-0.04946830176511275,-0.012318839799519567,Comedy,As You Like It,Yuko Kurahashi,Positive
A Midsummer Children's Dream,-0.25875886883609467,-0.1380407033490493,-0.10892461895905836,0.0027323026615411177,0.08084669991785884,0.07275277301250564,0.005311713644353998,0.02446251619438472,0.011822337260501175,-0.03552501015499335,Comedy,Midsummer Night's Dream,Claudine Nightingale,Positive
A Midsummer Night at PSF’s Midsummer Night,-0.3630509412854247,-0.35556478749353315,-0.06720764157051862,1.009724938315533e-05,0.014957987316042316,-0.07465887845656527,0.12522836540031942,-0.013914686717991436,0.05041248739820711,-0.10132706563251849,Comedy,Midsummer Night's Dream,Jennifer Kramer,Positive
A Midsummer for All Ages,-0.2813371970984389,-0.1472377542564815,-0.034360357879190326,-0.04327652967901143,0.041178391977209704,-0.06950286788299506,0.0548915367893228,0.01709206283101848,0.061753827607159514,-0.00970941780007443,Comedy,Midsummer Night's Dream,Tanya Gough,Negative
A Midsummer to Linga Over,-0.34940134932144407,-0.12028853761681516,-0.1058448067454917,0.07657363412756804,0.11612159553552577,0.0819744299400664,-0.0507902259225606,-0.08820854976891847,0.17063174622240967,0.03826246680606785,Comedy,Midsummer Night's Dream,Tanya Gough,Positive
A Mixed-Summer Night's Dream,-0.37224665419960945,-0.2612857086989171,-0.056712934828991486,0.01858058959436422,0.04713814327750921,0.07322598352337818,-0.05448252727964836,0.037247446596618515,-0.04244882308688687,0.06362722584457754,Comedy,Midsummer Night's Dream,Michael Kostroff,Negative
A Morally Ambiguous Othello,-0.30798809472998523,0.13504278209900905,-0.05425985096177513,0.3610579693757141,0.18279785309058685,-0.17994221744642494,0.15442258325501765,-0.2094284846286631,-0.20129525150912875,-0.061959792181521436,Tragedy,Othello,Jennifer Kramer,Positive
"A Muscular, Articulate Julius Caesar in the Texas Hills",-0.28678491344011414,0.005940776971920147,0.030695621106937368,0.03224464315005051,-0.02248953509949892,0.09603108689835435,0.0314792904251985,0.06591764387066125,-0.10455860443815912,0.27334413569542665,Tragedy,Julius Caesar,Michael Meigs,Positive
A Noble Attempt at Bridging the Great Divide,-0.3192403605723413,0.04115333042729544,-0.04386723865997421,0.04553334137679209,0.05060213912615705,0.04457981759539268,0.09689517892969698,0.14550744938828641,-0.014323036784930975,-0.15883110498930544,Tragedy,Romeo & Juliet,Denise Battista,Positive
"A Nobleman, A Commoner and A Royal Baby: Art Imitates Life",-0.2592911703548018,0.006947282198886829,0.01646709417553996,-0.0673821430347505,-0.04478844896069916,0.03054229004661384,0.05561247251144048,-0.03760479637635651,-0.053185161070054575,-0.0003503461783384166,Comedy,All's Well That Ends Well,Melissa Crismon,Positive
A Scottish King in an Asylum: The Old Globe’s Macbeth,-0.3608334829290776,0.16751179847682965,-0.18568031459373838,-0.16527883161258192,-0.1090892296433539,-0.13478988002894385,0.05936545023934978,-0.0691265864706266,-0.1404795362275688,-0.067258044384472,Tragedy,Macbeth,Yuko Kurahashi,Negative
A Sea Breezy As You Like It,-0.3351049721108493,-0.01690382963357465,0.08659111005856235,0.02192165606365914,-0.062301686806175136,0.010687365310778294,-0.08654083759794122,0.09445654034796863,0.040566604064848216,0.002010847404577256,Comedy,As You Like It,Ina Rometsch,Negative
A Sylvan Setting for Love and Laughter,-0.13556765401827656,0.037965846657191986,0.01504287493626264,0.11893475582814617,-0.014341266119488905,0.06869989431221675,0.02730691685296188,-0.04094516909059599,-0.13117882490067237,-0.00577648720085959,Comedy,Love's Labour's Lost,Claudine Nightingale,Positive
A Transient Respite: Great Lakes As You Like It ,-0.3096783681471198,0.014661355532129439,0.15044597609047655,0.1396517120665074,-0.3458977313562478,-0.29246236048585456,-0.11565710406053975,0.08196737628543013,0.025215070380527883,0.04954256887649178,Comedy,As You Like It,Yuko Kurahashi,Positive
A Twelfth Night Stand You Won't Forget,-0.3112159477656846,0.03795204302448115,0.2212209398839428,-0.1500166124218414,0.15063330791016186,0.0001643721897889236,-0.016578984606415062,0.021131041243823694,-0.054180233624409574,0.060644217917989,Comedy,Twelfth Night,Nairi Najarian,Negative
A Twelfth Night for Today's Gender Bending Times,-0.3040510677986827,0.046178705135784696,0.28938218323022524,-0.14231033392431958,0.11906841252677332,-0.019113267563842934,0.002974043272625652,0.017490764554357656,0.00014642416993390465,0.03765796326055377,Comedy,Twelfth Night,Diana Louise Carter,Positive
A Very Like-able As You Like It ,-0.3237286376880663,-0.03513393811008256,0.18283897449202077,0.07407958801696343,-0.2456419278449294,-0.14757379744432003,-0.1988369907647078,0.1137742522842708,0.03387449544695636,0.008317386457053818,Comedy,As You Like It,Diana Louise Carter,Positive
A Vivid Reflection on As You Like It,-0.28937681526404424,-0.0216688044717855,0.13895160017177302,0.1412735941509807,-0.2619259136948192,-0.19998515188026256,-0.17629006721768287,0.10635932517273017,0.010718073854652413,0.007814183360136798,Comedy,As You Like It,Melissa Crismon,Positive
A Woman's World,-0.3652810754641394,0.009926993673941622,0.083366854020782,0.007040635122019894,-0.014968773334641352,0.0876609381423556,-0.11662382150977663,0.05675206944799206,0.06171595441587512,0.045907840872192164,Comedy,As You Like It,Kurt Daw,Positive
A Younger Romeo & Juliet,-0.2598035029371687,0.003504991860100747,-0.014477018505603245,0.045899884029360905,0.052271993825331105,0.023872809299154984,0.003967046412632796,0.0439075816863492,0.08826474344852714,-0.10077339645175966,Tragedy,Romeo & Juliet,Christopher Adams,Negative
ART's Julius Caesar Swings and Misses,-0.3080182257231304,0.04645696378591758,-0.04144391263676097,0.008254224171124794,0.0015858492763230368,0.054563162696133066,0.06570352694781621,0.03952709962412265,-0.028935963664237684,0.10959956159287103,Tragedy,Julius Caesar,Jess Pease,Negative
ASC Proves This Tale's Timeless Place,-0.415490185830148,0.11315665200864648,-0.01694972839044585,0.04543919169966106,0.07650931813633943,0.11513452145048579,0.03765300958045778,0.13264964759427744,0.025452880450830627,-0.15614732977290807,Tragedy,Romeo & Juliet,Eric Minton,Positive
Alike in Dignity: The Lantern Theater’s Romeo and Juliet,-0.2916332071554889,0.05507842554168342,-0.01962136560264904,0.10441778015912093,0.0010211503435172539,0.014797358871140885,0.19504370996396111,0.12244371797714755,0.14376097267098342,-0.1264770930997874,Tragedy,Romeo & Juliet,Jennifer Kramer,Positive
All Denmark's a Forest,-0.5098889622491625,0.10636897868858915,-0.08978338701876687,0.022361978299035034,-0.017802855750915718,0.18306192440987923,-0.0943534003315633,0.10788116254532598,-0.062584122293803,-0.037488794871723526,Tragedy,Hamlet,J. A. Macfarlane,Positive
All Republics Fall,-0.27328454968112514,0.1223889327800403,-0.07850527438001301,0.049655677343775434,-0.027029175344147168,-0.09306739342775694,0.2919867491745595,0.05054049452026326,0.034768487309996446,0.25682813398815924,Tragedy,Julius Caesar,Jennifer Kramer,Positive
All the Wood's a Stage,-0.33164168324150817,-0.28664914409309744,-0.09421785302316414,-0.004960474561178953,0.03302767099753402,0.000308719857198454,-0.02807902730436429,-0.022473439308901614,-0.020004679759732354,-0.057017498423380816,Comedy,Midsummer Night's Dream,Denise Battista,Positive
All's Swell and Ends Well,-0.41041386072693553,0.039126256628782545,0.125042134635155,-0.04063140195358387,-0.06618418083151904,0.09906498829386141,-0.027817496561399674,-0.11649023206161475,-0.06010737320500315,-0.05363576775545855,Comedy,All's Well That Ends Well,Eric Minton,Positive
All's Well - Or Is It?,-0.2633056974533655,0.03358081466508525,0.03277851314939838,0.04780700699836296,-0.004139459168041789,0.07570218047416159,0.06712871510698724,0.014085857583347383,-0.0028239623153039524,-0.0912349681895717,Comedy,All's Well That Ends Well,Claudine Nightingale,Positive
All's Well in Globe's Mainstage Opener,-0.27629692092283986,0.0006892793018497684,0.10814459351417534,-0.0029032852682445145,0.06370287477396186,0.02575788676344379,0.05281923485112098,-0.027299553390697413,-0.056581938188644064,-0.04059267478378645,Comedy,All's Well That Ends Well,Christopher Adams,Positive
Always Loving the One You Can't Have,-0.3158452397363176,0.040184270281292,0.13101854632384424,-0.07147945095591365,0.01641118000393685,-0.02596541975719275,-0.010752826479994607,0.020447314548615633,-0.0033396620267713865,-0.01574324416367842,Comedy,Twelfth Night,Roseanne Wells,Negative
Ambition Should Be Made of Sterner Stuff,-0.31297623095992005,0.09523401966608072,-0.05291670961840517,0.07685869274084281,-0.014758391884472453,-0.055507723245736884,0.20711249504612034,0.014742740864491923,0.11302317964680836,0.014402764981117776,Tragedy,Julius Caesar,Jennifer Kramer,Negative
Ambition to be Glanced at in PSF’s Julius Caesar,-0.27939254949479186,0.11888309412427994,-0.07319653961582803,0.05926942878921689,-0.030528957362484725,-0.15084585550165508,0.3702443880145473,0.11073067528478277,0.03162204792474247,0.3500008416042161,Tragedy,Julius Caesar,Jennifer Kramer,Positive
An Adaptation Most 'Honor'-able,-0.3219008965744719,0.05013040629683051,0.0482557568033057,0.09119268765955649,-0.05785151254547345,-0.06454475875589434,-0.16404988952134542,0.08146334228267862,0.09714556223598943,-0.021538081152120143,Comedy,As You Like It,Liz Kimberlin,Positive
An American Caesar,-0.3364674889769498,0.02719791694922333,-0.05066262377775492,0.03436511171058119,0.04743898484200223,0.10002275230586008,-0.026121634985016153,0.09397957730912311,-0.03919766517752136,0.14460233284681642,Tragedy,Julius Caesar,Michael Kostroff,Positive
An Appetizing Othello,-0.2972366997515051,0.022043452952251005,0.009886624000203195,0.08101616091336135,0.01694092208269961,-0.0444712038330826,0.07523012367618927,-0.06016109144564379,-0.09907339621566949,-0.04779340693783246,Tragedy,Othello,Melissa Crismon,Positive
An Enchanting Illyrian Summer in New York,-0.3316137922822732,-0.0220859967186837,0.3054705499893132,-0.08382322403362001,0.03186998586034232,-0.047826645603911803,0.050214558850716115,-0.0684277538202854,-0.08213055173791835,-0.031202381566695817,Comedy,Twelfth Night,Roseanne Wells,Positive
An Involving Hamlet on Summer Eve,-0.305813361173603,0.0761217406965955,-0.0009344555927333197,0.024444423814687186,-0.05719611165970934,0.027379098958684858,-0.03571966680374876,0.04090763664369964,-0.0955596908065107,-0.0016696509860702011,Tragedy,Hamlet,Glenda Pearce,Positive
An Underground Hamlet of Inexplicable Transformations,-0.24556371457962162,0.037646188254312284,0.013884837743772699,0.027515524406462627,-0.030112524443373697,0.13699391654885848,-0.12201930493271386,0.038849167113737065,-0.09216591348005118,0.04885974308275882,Tragedy,Hamlet,Michael Meigs,Negative
Apocalyptic Midsummer is no Run-of-the-Mill Production,-0.3803754061994537,-0.38277801211573326,-0.06833302591653648,-0.03249142746944844,0.025521077822811947,-0.05048125334159333,0.009129392688347646,-0.019853307609993206,0.04607653007321556,0.008781270560092945,Comedy,Midsummer Night's Dream,Ginny Quaney,Positive
Arden Completes the Hamlet Triad,-0.17388365866810787,0.01623090661163684,-0.010571451576334103,0.028066179861386063,-0.015080364253856005,0.061829591920530114,-0.06963826860290179,0.018351658668781468,0.03605750825008397,0.019408265828487866,Comedy,All's Well That Ends Well,Ron Severdia,Positive
Arden’s Midsummer Keeps You on Your (Tapping) Toes,-0.35337941724869043,-0.32594446656496817,-0.030666346676923473,-0.03389981518212756,0.009352935401691402,-0.08699535676268552,0.1465290263362093,-0.0734851288586816,0.06988199472999748,-0.08846881551323536,Comedy,Midsummer Night's Dream,Jennifer Kramer,Positive
As You Like It Sans Nothing,-0.31598173155137216,-0.013218600523286063,0.0844918233488583,0.059844679050172545,-0.13303449196785994,-0.07783559868154158,-0.08574800835174282,0.08051219568615636,-0.08475123720342123,-0.06164776840206973,Comedy,As You Like It,Denise Battista,Positive
As You Like It a Matter of Taste,-0.25362017109849316,0.023672133890752182,-0.04890037418659539,0.1902420437692779,0.09882339669552732,-0.1507751345868154,-0.3160770976098391,-0.08967354203078129,0.35691245933498017,0.033751047612197146,Comedy,All's Well That Ends Well,Tanya Gough,Negative
As You Like It is As You Love It,-0.30828383346898675,0.0336046884928313,0.08804823313216521,0.04922044788353998,-0.08849204610068288,0.014605121585809702,-0.0032359476256735367,-0.04449484915344118,0.09339974471060045,0.045033544046407824,Comedy,As You Like It,Benjamin Alper,Positive
As You Like It: Occupied,-0.3047534397652994,-0.012405235382375151,0.17235714977584488,0.16316930615893904,-0.29080527193289374,-0.17504700467895074,-0.19336260110581005,0.13049173203885628,0.07248180751045309,0.000595458781061046,Comedy,As You Like It,Craig Melson,Negative
As You Like It? It Certainly Is...,-0.26730700187303813,0.03004664519562859,0.07852968373090155,0.14292694179141663,-0.04738335404489237,-0.04133975532031046,-0.06625822588493317,0.025513654893795947,-0.01667391630441987,-0.05011224627041194,Comedy,As You Like It,Claudine Nightingale,Positive
"As You, Like...You Know Like...Like It",-0.32563433906608247,0.021568154546989043,0.03880990671663749,0.04712354320965108,-0.028510394244480538,0.06606098694590837,-0.14471367084172276,0.04753999589705479,0.1166539182288997,0.06039538260810309,Comedy,As You Like It,Michael Kostroff,Negative
Bad Hamlet Surprisingly Not Bad,-0.3015686681689427,0.059603353166822394,-0.05115532469519772,0.03072664486168846,0.01974797129980916,0.13662497214162514,-0.07669167979451624,0.031015215987271572,0.04841713862112221,0.07882222164541583,Tragedy,Hamlet,Barry Eitel,Positive
"Beautiful, Powerful, Magical, Dangerous",-0.35306108286521204,-0.2989360921057365,-0.04494307045359021,0.002699001544564917,-0.029925544653080737,-0.07957181242599745,-0.014006491501460286,0.008114767765314319,-0.04347101044230681,-0.015247394702702451,Comedy,Midsummer Night's Dream,Roseanne Wells,Positive
Because It Is the Right Thing To Do,-0.31922969665284606,0.08246458414976912,0.04549327742073065,-0.044484592576525074,-0.005895656405647745,0.036457983765461985,0.04921075835586365,0.07826124205018356,0.302122301713174,-0.005705373186130697,Tragedy,Romeo & Juliet,Kurt Daw,Negative
Berkeley Opera's Romeo and Juliet: Voice Without Poise,-0.3124940060296871,-0.07109374859600658,-0.07237523983384349,0.019488833939770613,0.10777385948690196,0.07170869990970041,-0.05754966739599875,0.05480590768894822,-0.050360166545314375,-0.050589284778931126,Tragedy,Romeo & Juliet,Denise Battista,Negative
Big Things Come in Small Packages,-0.28407626106854594,0.01584906942948091,0.11272255177725424,-0.049475979652602135,0.07972989624210451,-0.03749765348729797,0.016625960424650862,0.043857896060704046,-0.01667444947681236,-0.0078927705276772,Comedy,Twelfth Night,Carrie Cleaveland,Positive
Big Upset in a Hamlet for the Moment,-0.42397909986763155,0.11426331231941844,-0.06533062004314612,-0.007732819199976066,0.08242171622703286,0.13951772096373688,-0.037839653810066244,0.10358221346159524,-0.12861730250354264,-0.06585927134498575,Tragedy,Hamlet,Denise Battista,Negative
Blackfriars Scores a Jazzy Twelfth Night,-0.3161484394987754,0.07800526085504175,0.31792502719275406,-0.18746827470750047,0.16183866608595343,-0.050893683727637674,-0.014924898140491954,0.019251629901704252,0.1002395984516094,0.039610551908660606,Comedy,Twelfth Night,Diana Louise Carter,Positive
Blood and Thunder in the PST's Macbeth,-0.32285778477102817,0.14980945611122107,-0.19459648143782973,-0.1601225867194636,-0.09480498266526555,-0.21563967226204572,0.12943406475062597,-0.05166150466458981,-0.005867793956254011,-0.11454366355112186,Tragedy,Macbeth,Jennifer Kramer,Positive
Boredom from Julius Caesar? NYC Buries Pigeon Creek,-0.32754436199928116,0.0872023152959627,-0.06496761346579269,0.041509200513296485,-0.0004076078442979787,0.03258855932195001,0.09002173468565457,0.0793854816562709,0.03823876227914488,0.26980023515734947,Tragedy,Julius Caesar,Roseanne Wells,Negative
Broad Humor in the Big Easy,-0.25657950283755093,0.0037969157009014993,0.24863313480983162,-0.11209275521723458,0.011209520061637486,-0.06987414804283251,0.19326172414398626,-0.02035965371583083,0.0925407878875457,-0.06506105455687944,Comedy,Twelfth Night,Jennifer Kramer,Positive
By and By: There Are No Lulls in SDSU's Dream,-0.3288469225204834,-0.3068108667106773,-0.03917991427399792,-0.05545467723373057,0.023519288469833935,-0.016493981565550597,0.07547302950868816,-0.05003993668824938,-0.051398860913250195,-0.06378379526968939,Comedy,Midsummer Night's Dream,Melissa Crismon,Positive
CSF’s Female Hamlet Provides Universal Perspective,-0.3806200738859489,0.09753013762782758,0.041740272977703816,0.03501678996387374,-0.021946243851620542,0.09616485364486099,0.0042913187228269065,0.07586094728612422,-0.04736662773703502,-0.051434612507101324,Tragedy,Hamlet,Ginny Quaney,Positive
CSF’s Julius Caesar Traditional But Still Relevant,-0.2694530571877897,0.10125020567877288,-0.07044735935647338,0.07134075329488396,0.04731093185057598,-0.046410206423823055,0.2967516353337973,0.14853814730083642,-0.01880235567700725,0.4990605170873076,Tragedy,Julius Caesar,Ginny Quaney,Positive
Capturing Modern Day Youth in Romeo and Juliet ,-0.28328255796508284,0.07499309568763238,-0.028582953883824144,0.032582470152808386,0.029190179640367218,0.01290863676035703,0.11219867682175703,0.154646821180173,0.11103259090308798,-0.13116558687976085,Tragedy,Romeo & Juliet,Yuko Kurahashi,Positive
Carolino's Midsummer Fantasies Require Some Shaping,-0.24168685606606183,-0.31058523856158476,-0.08841421751623514,-0.044986226826503495,0.07041680076575525,0.07434845661336442,-0.03476788858818291,-0.05956561237837591,-0.04814984976189151,0.05147861030701983,Comedy,Midsummer Night's Dream,Denise Battista,Negative
Casual Grace and Loyalty Yielding But a Dream,-0.3790069282095718,-0.3236159623076986,-0.08837466482988943,-0.03740723943774872,0.04138582106160346,0.039639027134364534,-0.010154080620800619,-0.06233005281254043,0.023200888534235832,0.10861022422780593,Comedy,Midsummer Night's Dream,Jack Morgan,Positive
Cauldrons Bubble...In A Guildford Church,-0.25976838230411964,0.11025047521650787,-0.16888450742930305,-0.1147193248050157,-0.07362972778494462,-0.0971933477095192,-0.07124730730778298,0.01303729874932743,-0.0036509883668255985,-0.021200186747934224,Tragedy,Macbeth,Christopher Adams,Positive
Chase Your Doom at Sleep No More,-0.34639895399260723,0.08655493599062158,-0.10807199610288312,-0.019510947961390544,-0.008189422048807434,0.03952479083277072,-0.055520816035993965,0.06596364154431991,-0.06539761799012532,0.0054438371059086985,Tragedy,Macbeth,Deirdre Yee,Positive
Classical Theatre Company's Hamlet Soars Under Careful Direction,-0.3127003396195204,0.08748493335142994,-0.03286507839449106,0.022089447443797514,-0.033902550186880424,0.13378972426996733,-0.05102762430870434,-0.003944212141059625,0.008065803193067033,0.04478659482154252,Tragedy,Hamlet,Cynthia Greenwood,Positive
Confounding “The Iago Epilogue” Initiates Rather than Ends the Conversation,-0.261923196106628,0.14369766414808985,-0.07934674904316198,0.3864246607540625,0.3120654256181232,-0.2177096383240098,-0.1891237168344126,-0.28253289457350955,0.10592576976162757,-0.026038785876660343,Comedy,All's Well That Ends Well,Robert M. LoAlbo,Negative
Crossing Gender: The Great Lakes Theater production of Hamlet with Double-Casting,-0.3391805028152512,0.12723083038818564,0.02086922015016031,0.03160937087925046,-0.09367598973823123,0.0025086450082567133,0.06444807587550178,-0.020235051425210163,-0.1647971491612579,-0.11159847874338354,Tragedy,Hamlet,Yuko Kurahashi,Positive
Dagger of the Mind,-0.3191899087494501,0.14959694814454214,-0.17133023502607148,-0.15052803275343102,-0.07033940585843412,-0.1786581589411048,0.15100816276624723,-0.08585232790651837,-0.031090170667639593,-0.004285096467584168,Tragedy,Macbeth,Jennifer Kramer,Positive
Dark Dream from the South Coast,-0.24362017968629918,-0.36617755382220263,-0.04170490241508573,-0.05069533017491397,0.008416104419831018,-0.10092360547929698,0.04725610135823776,-0.07775152312056761,-0.058553738177033195,-0.0605486832129492,Comedy,Midsummer Night's Dream,Melissa Crismon,Positive
Darkness and Brightness in Great Lakes Theater’s Twelfth Night,-0.30820001142717723,0.08693622970646128,0.23633843719372158,-0.11368031736164497,0.07024284243347473,-0.09492559564623448,0.07011883722908463,-0.0033997428412602857,-0.04867100320051472,-0.03931757640292075,Comedy,Twelfth Night,Yuko Kurahashi,Positive
Death and Drollness: The New Star-Crossed Lovers,-0.297778047422091,0.08718065964210225,-0.025750051850547358,0.08423133184664053,0.04192997990578862,0.07695067526322716,0.015579619220193066,0.06032909579359588,-0.002749232768847215,-0.022569202292448465,Tragedy,Romeo & Juliet,Claudine Nightingale,Positive
Decide What You Will in West End’s Twelfth Night,-0.32162971927523937,0.07424061222423986,0.2603928835862518,-0.12203502407417206,0.07030962664495982,-0.06102330757505622,-0.015776898259486836,-0.013767207030238406,-0.058173794678030494,-0.011650665500619765,Comedy,Twelfth Night,Claudine Nightingale,Positive
Delaware Midsummer at Rodney Square,-0.36803972111408967,-0.4150147898549005,-0.09694510953864668,-0.0036207454320734264,-0.004808074110279198,-0.10378861230933106,0.1313746259663223,0.014631396024510034,0.05691029863499372,-0.02478821519225761,Comedy,Midsummer Night's Dream,Jennifer Kramer,Positive
Delaware Shakespeare Asks What’s in a Name,-0.32727862672354,0.047779395844105704,-0.0073563952970293976,0.0299626981087546,-0.02996076647859557,0.021813011768174163,0.14461922795722498,0.10458796968902839,0.04491083902137721,-0.14802187869828048,Tragedy,Romeo & Juliet,Jennifer Kramer,Positive
"Despite Heat Wave, PSF Rolls Out Wicked Cool Hamlet",-0.3330880757806516,0.06445211174294978,-0.005756796116970607,0.02219759661913439,-0.03192432786594827,-0.01226737301165569,0.0715816791930204,0.08561632605547889,0.04397360980588805,-0.042555674639652714,Tragedy,Hamlet,Jennifer Kramer,Positive
Dialing in a 1960s Texas Night's Dream in Austin,-0.31599423194308557,-0.3520100180655646,0.011491691231156429,0.028469992635667383,-0.07803377588727037,0.06270767362919445,-0.13085358920888834,0.0073175617868967485,-0.15498388720271827,0.13469249666588473,Comedy,Midsummer Night's Dream,Michael Meigs,Negative
Diverse Love’s Labour’s Does Justice,-0.33364790969614133,-0.007631371446268572,0.10314127993616089,0.03624884166635134,-0.24331852195192785,0.18221054619111313,0.13429275770036664,-0.3643119945857118,0.08810452993881808,0.018020048603625473,Comedy,Love's Labour's Lost,Ginny Quaney,Positive
Down and Dirty Romeo and Juliet Could be Dirtier,-0.3336138747567455,0.03579220984411371,0.0263614854081057,0.005391925478561934,0.04415156237045476,0.10934423420746336,-0.04551714225101953,0.06872334104199487,0.08464095896873207,-0.03422744070418634,Tragedy,Romeo & Juliet,Barry Eitel,Positive
Dream Away Time with RSC’s Magical Spectacle,-0.3412334558352722,-0.3689792912489371,-0.10601567525039363,-0.04833398321381252,0.0890937004528528,-0.017557080375530443,0.04131347428841965,0.015627910724849925,0.00034093507211795885,-0.014225554842028105,Comedy,Midsummer Night's Dream,Claudine Nightingale,Positive
"Drums, Cymbals, and Sight Gags Abound",-0.31098287144419734,0.0025297563262622453,0.22170587412077236,0.1432167381575722,-0.2995051893305632,-0.2239199848322358,-0.2336204454226956,0.11321379970637088,0.03138773765393138,0.001679018850740871,Comedy,As You Like It,Cynthia Greenwood,Positive
Erindale's Midsummer Night Chases Winter Away,-0.36125348036836835,-0.4715952507263907,-0.14706590637721859,-0.03106688074923045,0.07516490363596834,0.004746328485461285,-0.0024587174310702732,-0.056667260315906194,0.03192693305177302,-0.010084837078783448,Comedy,Midsummer Night's Dream,J. A. Macfarlane,Positive
Everyone's a Badass,-0.3038401505837574,0.11813116751518693,-0.08407580073309195,-0.01486962088777967,-0.09843136042089612,0.030181343595569753,0.007510371360755396,-0.10519447485942968,0.1861811821599054,0.16278485018988859,Tragedy,Macbeth,Kurt Daw,Positive
Evil Hamlet: O' Horrible! Most Horrible!,-0.3357758826160465,0.06966642672749414,-0.04746195517350654,-0.03235870290736491,0.03253501768184345,0.17339714105907456,-0.14731209122787195,-0.002264761115744531,-0.07666551634008083,0.027012192820102438,Tragedy,Hamlet,Denise Battista,Negative
Experimental but Accessible Romeo and Juliet,-0.33571003843482267,0.07757372318740303,-0.0066031639397751175,0.018761956167560555,-0.05952778415761824,-0.05131925049590112,0.18186561501355328,0.07570312342921029,0.08099438468646786,-0.07099230781596316,Tragedy,Romeo & Juliet,Jennifer Kramer,Positive
Fashion Over Form: Macbeth Strikes a Pose,-0.2873186380691388,0.10102373128082498,-0.16204070237320672,-0.18737845403096118,-0.05309224601988551,-0.13402433235200467,0.05332396366137807,-0.05900871419881548,-0.06008063092230147,-0.08824568105542643,Tragedy,Macbeth,Denise Battista,Negative
Fate Proves Overpowering in Goold's Bloody Macbeth,-0.30752350783526416,0.16690591335809238,-0.2154342958599042,-0.24506625770235263,-0.008976541995317874,-0.1076915011065591,-0.06348694512203851,-0.01859314806138217,-0.1229762939064626,-0.05251963138039581,Tragedy,Macbeth,Denise Battista,Positive
Fire Burn and Trash Can Bubble Macbeth,-0.25162226354427913,0.036569596274178155,-0.0493423532807716,-0.039206673535528286,-0.029910965937751176,0.14795012492571857,-0.12353968205957855,0.07500558344889505,-0.1491107243411621,0.06471515478443371,Tragedy,Macbeth,Michael Meigs,Negative
"For TSF's Gifted Players in Romeo and Juliet, the Verse is All",-0.3074847507281938,0.09452537368406251,-0.03351721974591523,0.10367614101022418,-0.006914694156923206,0.12006017216780293,0.05947608127476074,0.10952487030215598,0.06992236381007928,-0.08464533822335345,Tragedy,Romeo & Juliet,Cynthia Greenwood,Positive
Fort Point Finally Sees Battle in a Monumental Macbeth,-0.36878027089080556,0.13238415413179644,-0.17066129675919614,-0.1792123923552691,-0.06313566716220853,-0.006806479660026789,-0.0928074984822359,0.028630405881585847,-0.05288399809464308,-0.009887416704282642,Tragedy,Macbeth,Denise Battista,Positive
Genderqueer Shakespeare in the Park,-0.36911743734784147,-0.26702041847041824,0.04334094213217874,-0.060237043507755175,0.0021135051402412794,-0.08105881246320613,0.10880569303444815,-0.008082621145608319,0.29359408555610855,-0.024968823520263663,Comedy,Midsummer Night's Dream,Jennifer Kramer,Positive
Good from Fair Use: The Wilma’s R&J,-0.28924379430381975,0.060796529765593604,-0.04370790565891038,0.08153606113360667,-0.0011166369845353459,-0.03769806537989527,0.1966115319027597,0.09237328636908908,0.0764582377725614,-0.1201087855535588,Tragedy,Romeo & Juliet,Jennifer Kramer,Positive
Gorgeous Tragedy Rounds SF Ballet's 2010 Season,-0.2575217448182615,0.026566276351527467,-0.018874266096243472,0.0626985226613341,0.028079050682995467,-0.0066914179265964956,0.08926481871218124,0.07032495811362895,-0.08423551555632919,-0.11378201176966349,Tragedy,Romeo & Juliet,Denise Battista,Positive
Gritty Caesar is a Visual Treat,-0.25405005722333773,0.09127971134065754,-0.039007662412072215,0.019693964199310954,0.02769906601265892,-0.02696258951112904,0.14820988344587852,0.090986973229296,-0.010550753200964859,0.23976406692083482,Tragedy,Julius Caesar,Craig Melson,Positive
Hail an Original Caesar!,-0.2134922193173509,0.10016995382645713,-0.062244150617490904,0.06915639244441817,0.02974803909554887,-0.05086866417786654,0.24259828489361396,0.11011827065410251,0.01621290913013014,0.47824469174465806,Tragedy,Julius Caesar,Benjamin Alper,Positive
"Hamlecchino, Clown Prince of Denmark",-0.32037092791029315,0.08306561080898893,-0.03194105945512912,0.015732085832909005,-0.0009701796276974368,0.20753554278987144,-0.07104734908290387,0.07279472969223126,-0.07093211864442288,-0.0004337001232769728,Tragedy,Hamlet,Eric Minton,Positive
Hamlet As It Was Meant To Be,-0.2861531863039689,0.07555861275877881,-0.06081543806454577,0.014846531185238777,0.021923333987815586,0.07763857302236836,-0.016435657976544463,0.09032623279761881,-0.04202599734025826,-0.043397772864542786,Tragedy,Hamlet,Tanya Gough,Positive
Hamlet Has No Legs,-0.21582775236919013,0.014531703599705199,-0.03176289357496528,-0.02187060228339714,0.00980199911764854,0.06823812309855874,-0.0010637462658758846,0.05451620153033056,-0.06753326441791635,0.011801919829439237,Tragedy,Hamlet,Melissa Crismon,Positive
Hamlet Soars High at the Theatricum,-0.3313284877704487,0.008719590010260406,-0.023289559283436706,-0.024673107288169238,0.03198101582663122,0.09144774927129987,-0.05089491141060917,0.06762927270639903,-0.09239506083554548,0.06361041200230422,Tragedy,Hamlet,Nairi Najarian,Positive
"Hamlet in Austin—Taut, Swift and Gripping",-0.26619234943924314,0.02376914089468897,0.037255752513726766,0.07203392993025004,-0.04407974403764694,0.19161488249620934,-0.12239322050946613,0.051448798779635936,-0.2195436135164905,0.12571713791946937,Tragedy,Hamlet,Michael Meigs,Positive
Hamlet in Kazakhstan,-0.45842447937307745,0.03828996857448361,-0.0488720965303276,0.058864994326036674,0.03579782363366964,0.17842761498431162,-0.15433886796787769,0.03421159590575564,-0.08877816244969425,-0.01829531978272915,Tragedy,Hamlet,James Nikopoulos,Positive
"Hamlet in Round Rock, Texas ",-0.3435700933542868,0.05957893175885794,-0.03825849044982529,0.03567675484550799,-0.0066243239060758356,0.2071818900692461,-0.17546567160992274,0.058319627394422764,-0.03317079855834719,0.053295722186647874,Tragedy,Hamlet,Michael Meigs,Negative
Hamlet is Maddening,-0.28241649842188093,0.06512904416232364,0.0027603473616548396,-0.028872060542116544,0.024713763137921396,0.08016802910147929,-0.010681267359279684,0.06545647526585446,-0.06789172375901525,-0.08089475334147099,Tragedy,Hamlet,Diana Louise Carter,Negative
Hamlet: In the Dark with Shades and Shadows,-0.2704833320298721,0.0509979837816071,-0.02294995345103166,0.03614016877127619,-0.04561502558448904,0.10171415264607184,-0.044435954419337856,0.08005963484191157,-0.1291869134878435,0.02006661792982626,Tragedy,Hamlet,Michael Meigs,Positive
Hapless Malvolio Makes For A Hilarious Hour of Theatre,-0.2754389292264225,0.03868104401049564,0.010967658945026118,-0.08186409502402059,0.05193977955612011,0.09542803775283863,-0.10656363606810121,0.034922723364391076,-0.010015913276733929,-0.0094739073654898,Comedy,Twelfth Night,Vikki Jane Vile,Positive
Harnessing the Power of Imagination,-0.3587609936537812,-0.3612124719079554,-0.08457111942719996,-0.015430883493568862,0.03540999839771863,0.021697267463046635,0.02575803338917885,-0.04001075648242251,0.03670623593102323,0.050101572169057036,Comedy,Midsummer Night's Dream,Eric Minton,Negative
Hedgerow Theatre’s Speedy and Spooky Macbeth,-0.32433891038485474,0.06635115954134595,-0.1609688036714449,-0.07264664527149783,-0.09880422010163398,-0.10232930635985091,0.10193453686289401,-0.0735272905003479,0.05590482947143186,-0.031441655159315,Tragedy,Macbeth,Jennifer Kramer,Positive
"Helen Merino's Cerebral, Androgynous Hamlet in Austin",-0.2708463700692291,0.039962297429034926,0.037335536102073436,0.06933646318802587,-0.06046718041444966,0.19527568094128478,-0.09736730614938957,0.06474690693963886,-0.1886928247579167,0.1052338643769719,Tragedy,Hamlet,Michael Meigs,Positive
Here’s to My Love: Talent and Promise Abound in “Star Crossed Lovers”,-0.3671155523182892,0.09826699930224345,-0.03738370769363892,0.12475572837523029,0.11907480995445817,-0.02375840102182359,-0.005496148821638125,0.03359710772545335,0.24668770320032354,-0.08842715358682837,Comedy,All's Well That Ends Well,Robert M. LoAlbo,Positive
Hollywood Hits and Misses at the Shakespeare Theatre,-0.2744114449570505,0.0351526392452609,0.047868375625461916,0.14047518018009078,-0.09083149007140606,-0.05955692100736454,-0.14925926019180558,-0.0402088974339571,0.2037759904402691,-0.012705931697613674,Comedy,As You Like It,Caitlin DeMerlis,Negative
How to Ruin Macbeth (Intentionally),-0.36301375051977836,0.04147846231962538,-0.06787489940858893,-0.05603018093238893,-0.011099901796161049,0.08276478133174812,-0.09934641020260424,-0.0305489217420054,-0.03324689382104962,0.017977004867800156,Tragedy,Macbeth,J. A. Macfarlane,Positive
Humor and Absurdity in a Tragedy,-0.2687016911383284,0.11157902926855705,-0.013395250618311112,0.40326869307854163,0.18767895159311454,-0.23231218483456553,0.0690405682930827,-0.2552893862627551,-0.2894495254498504,-0.07385060321799233,Tragedy,Othello,Yuko Kurahashi,Positive
I Am Hamlet,-0.2736890636476187,0.040835685222700334,-0.029324786603606087,-0.018828539355280585,-0.01832598011781183,0.03337091225507227,0.07833895442944282,0.04071176194000906,-0.056383050201549094,-0.06407996077828927,Tragedy,Hamlet,Jennifer Kramer,Positive
"If Music Be the Food of Love, Play On and Eat Brownies",-0.3189844641031867,0.03215396341810263,0.4290986672969207,-0.1810483763011786,0.157645175997575,-0.07842789743537598,0.021661408174509685,-0.10236391839280541,-0.12063823610935974,-0.02404550286233654,Comedy,Twelfth Night,Melissa Crismon,Positive
"If Music Be the Food of Love, Rock On",-0.35268074395547844,0.06380934741346497,0.2322159518940474,-0.06399329775983693,0.13669351494556395,0.06022147702552104,-0.11288457453246083,0.012031661112644592,0.022148134298115095,0.050065499858307896,Comedy,Twelfth Night,Matthew Barbot,Positive
Is This a Tracksuit I See Before Me?,-0.2752704576362491,0.16029090109277858,-0.12573072208391137,-0.1574309712688381,-0.043035656122580514,0.021799814069782278,-0.06229176910939985,-0.04750104758044869,0.004133602067396783,0.031898097793521644,Tragedy,Macbeth,Craig Melson,Negative
Japhy's Unweeded Garden: Hamlet in Austin,-0.31168667127023203,0.034668282727355865,0.02191120643289054,0.05231241934555059,-0.06726172301088267,0.11150938436084144,-0.12047701654314477,0.07044370673291508,-0.10745556930511749,0.052580826127792114,Tragedy,Hamlet,Michael Meigs,Negative
Julius Caesar From the Heart,-0.2645205935938725,0.023237859782755593,-0.034420408227080146,0.009750895793258513,-0.015566890655787109,0.001860107781754168,0.08519022507233939,0.03250680649775026,-0.07045578593353553,0.00901866971698688,Tragedy,Julius Caesar,Melissa Crismon,Positive
Julius Caesar Takes a Stab at the Shakespeare,-0.32406327413141917,0.049849946814912956,-0.07599493845534,-0.05060011617405385,0.03822985676773285,0.04815733233066293,-0.07450051747473774,0.018770277006844333,-0.05400252124969038,0.13953017951481395,Tragedy,Julius Caesar,Georgina Petronella,Positive
Labor No More to Enjoy Love's Labour's Lost,-0.30357172740803606,0.026023843050749194,0.09821182700631798,0.04293224505329099,-0.22426879485427742,0.2900550215429848,0.030227937952594944,-0.34626569657362644,0.08660886465741555,-0.016491876805138674,Comedy,Love's Labour's Lost,Cynthia Greenwood,Positive
Labours of Love from the Classical Acting Academy,-0.23987523844542344,0.022353252802017227,0.10860333216197839,0.028241997242793658,-0.247893196352469,0.27719288865594033,0.14463405793374662,-0.3794513363687914,0.05900884502433984,-0.05290795301333929,Comedy,Love's Labour's Lost,Jennifer Kramer,Positive
Late-summer Midsummer Lulls,-0.3191696527368545,-0.16906381900477135,-0.03934832309402687,0.06729860359701934,0.008441457313268756,0.06734023104146784,-0.02167443157789937,0.02837567624662756,0.0650239460072226,0.08134977696252862,Comedy,Midsummer Night's Dream,Matthew Kellen Burgos,Negative
Laughter Sans Intermission at the Lantern's As You Like It,-0.33865349990369986,-0.0007753474359916798,0.19089230656632108,0.1265389834294362,-0.274146775005411,-0.2081219878091934,0.058793154242187076,0.04646865565091059,0.02153750226453016,-0.05989168099489455,Comedy,As You Like It,Jennifer Kramer,Positive
Law Dares To Be a Great Hamlet,-0.37706106108309057,0.0995125082756195,-0.008210697854247953,0.041284434879845996,-0.0016938846006579779,0.15048673492820344,-0.013929248277373168,0.11803925797469889,-0.19709186458502417,-0.10859871975409874,Tragedy,Hamlet,Denise Battista,Positive
Lean and Mean Macbeth at Misfit Theater,-0.36117109954886073,0.17168833982129916,-0.20282247854475768,-0.26196828085366386,-0.11580111868704401,-0.09360930550767996,-0.04538903958515734,-0.13444002291548687,-0.030039390941727813,-0.023680052556898062,Tragedy,Macbeth,Ginny Quaney,Positive
Let Shakespeare Be Shakespeare in a Midsummer,-0.3358300038924189,-0.4074703862979994,-0.0798504791774283,-0.018232157023750032,0.026758347708472945,-0.03196339187674433,0.0285772573841284,-0.04707589974243817,0.05763487910674688,0.07954712327120947,Comedy,Midsummer Night's Dream,Benjamin Alper,Positive
Lies to the Heart: The Power of Words in Othello,-0.303300486002691,0.12021320804112498,-0.061541445018354464,0.32472666684370755,0.1393929056205453,-0.17243774995394928,0.126394924991545,-0.19691547241738003,-0.15313386573071464,-0.04253165054616965,Tragedy,Othello,Jennifer Kramer,Positive
"Like a Colossus, Marin Shakespeare Competes With the Heavyweights",-0.3853683293683535,0.11352806954641105,-0.06396334393813673,0.05449722535281996,0.10075508915521768,0.037828603357170976,0.05642497935284424,0.0876459228838399,-0.07172010040389734,0.17495120758124616,Tragedy,Julius Caesar,Denise Battista,Positive
Local and Liking It,-0.28556256070195035,-0.014492407310553158,0.09381238536956601,0.09256125553616021,-0.1729507480476706,-0.04031029113637432,-0.05615379429287317,0.052366076499017915,0.05112248245236038,0.031778809299642496,Comedy,As You Like It,Christopher Adams,Negative
Long-Awaited Pomp is a Proud Display of the Bard's Circumstance,-0.1826788845286794,0.07732533232124537,-0.06419023561361445,0.05803754072009846,0.051637148242716556,0.050942618312343875,-0.0627670315546391,0.038632137137407804,0.05172245338628766,-0.007380092415595364,Comedy,All's Well That Ends Well,Tue Sorensen,Positive
"Love the Man, Forgive the Vice: All's Well That Ends Well",-0.3123544060132898,0.07340339094353324,-0.03540146648283961,0.0023555186869641254,-0.022785949658485884,0.05017782596019715,0.05491227956926203,-0.03788563400295668,-0.021860709560702393,0.020099864336852985,Comedy,All's Well That Ends Well,Roseanne Wells,Positive
"Love's Labor's Surfin' Safari in Austin, Texas",-0.3265585132978908,0.023060078420441728,0.12947740372404143,0.09083580396856411,-0.3269932418613127,0.3222580803117293,0.016319588333428444,-0.38154565021955084,-0.03402598798368016,0.08951471043998788,Comedy,Love's Labour's Lost,Michael Meigs,Positive
Love's Labour Wins,-0.35766401305661977,0.012551155546083128,0.11075849045507087,0.04768663688389383,-0.23474548169736476,0.33348726010349433,0.06568724918567967,-0.3393796322984261,0.05072725897952965,0.0011209908670574854,Comedy,Love's Labour's Lost,Eric Minton,Positive
Love's Labour's Lost in Translation,-0.2983814455118451,0.006467071386193875,0.05387066178798435,0.05301856063175923,-0.14940989064611332,0.308315041426879,0.03875386899412224,-0.31394876545184114,-0.0358170609755746,-0.010204094028542013,Comedy,Love's Labour's Lost,Denise Battista,Negative
Love's Labour's a la 1940s,-0.3118355026810319,0.045584461525484656,0.07118860651434827,0.02549486201882989,-0.2533393302894936,0.25381366084527035,0.08013966268113291,-0.29802685002050927,0.06531518819201039,0.06329725911664343,Comedy,Love's Labour's Lost,Christopher Adams,Negative
Lovefools Immortalized in Central Park,-0.26801324450991615,0.041020352203969525,-0.03623534480205072,0.05631673937537808,0.04415515081951243,0.11491129024207813,0.005729254693850075,0.13115081439401566,0.03537907544617372,-0.037111464472572714,Tragedy,Romeo & Juliet,Matthew Barbot,Positive
"Macbeth Down Under, Now With 100% More Drugs",-0.30863390323205736,0.1923256302699901,-0.21578786755632479,-0.033468348541109846,0.13569427039942375,-0.12659194869982612,-0.2557118749640418,-0.13888928871747308,0.29574543407926296,-0.012261140341003183,Comedy,All's Well That Ends Well,J. A. Macfarlane,Positive
Macbeth Express,-0.24262515653498912,0.10725445046511668,-0.1573460631770827,-0.034217046335209896,0.040194556918766576,-0.07963533053501999,-0.06176252322236708,-0.008673605373918397,0.08661508957805206,0.011995779886287746,Tragedy,Macbeth,Craig Melson,Positive
Macbeth Is Not The Only Tragedy in This Uninspiring Production ,-0.24778565578806497,0.1026004018016324,-0.15072490738993802,-0.10580163939469082,0.022930849889699196,0.01895183249086916,-0.1385858186605884,-0.027182168195543668,-0.0072358265314606315,0.027438388624400793,Tragedy,Macbeth,Vikki Jane Vile,Negative
Macbeth Laid Bare,-0.2750285480266124,0.062000089963471464,-0.07375994439171304,-0.0018543425081575223,-0.007801621370494366,0.04971108036597858,-0.046814184790452296,0.059343941221573,-0.0027817352567053905,0.12048831779004465,Tragedy,Macbeth,Archie Maddocks,Negative
Macbeth Proves Tricky at the Folger,-0.35063299174615414,0.1426516205156461,-0.10900099492038642,-0.16903509831811098,-0.0009567007619182555,-0.05339288105044444,-0.0475632899217157,0.008725538126929033,0.02353380803631812,0.03886303403994049,Tragedy,Macbeth,Georgina Petronella,Positive
Macbeth in Japan? Too Cool.,-0.3064856393600533,0.1386492781341918,-0.15300584003494383,0.05071787645838496,0.06737086778851169,-0.035184249982541126,-0.16043819312980534,-0.03697435167846438,0.1760564216990931,0.004462963299882549,Tragedy,Macbeth,Matthew Barbot,Positive
Macbeth in the Slammer,-0.2050344343531717,0.0796550279073405,-0.07681133307373203,-0.0994190696586907,-0.019034620102497082,0.013003157225906462,-0.07829869815206986,0.027337137766443607,-0.05158994873713639,0.0022501196870574544,Tragedy,Macbeth,Craig Melson,Positive
"Magical, Musical Midsummer with Glee",-0.39696244533613195,-0.2670511168144396,-0.05575483082497121,-0.019458616003831943,0.08420572543749594,-0.037770094237948214,0.030528553817104828,-0.022138838825572084,-0.0693088001339427,-0.016007487869971606,Comedy,Midsummer Night's Dream,Denise Battista,Positive
Magicking Twelfth Night at the University of Texas in Austin,-0.3360511911450893,0.04400294495844225,0.22796343099428332,-0.0980871195457709,0.11446601697324212,0.027213032542970042,-0.1412132423567284,-0.0009458293395255514,-0.05865174506440881,0.07160524020403865,Comedy,Twelfth Night,Michael Meigs,Positive
Malvolio Offers Hope to HSF's Twelfth Night,-0.30279521350602384,0.055473233909184,0.446578634601864,-0.22234443417824543,0.18485163889108353,-0.0604130742749108,-0.04842226759269409,-0.05243832277334256,-0.04137830413371143,0.06545756618755456,Comedy,Twelfth Night,Cynthia Greenwood,Positive
"Men, Women, and Power: Great Lakes' Julius Caesar",-0.2825778693484255,0.11080979003830303,-0.06776145148675827,0.0238648217402915,-0.06773958100005587,-0.10433467238519184,0.24856736702160864,0.044758895857313845,0.024534938444735428,0.3810406654870093,Tragedy,Julius Caesar,Yuko Kurahashi,Positive
Mercutio and Benvolio as Star-crossed Lovers: Who Knew?,-0.33422872097792206,0.007241535497823404,-0.018334360146374493,0.06467727806030263,0.026026734436712353,0.11158294548893372,0.10030067427276167,0.17932157993648862,0.008541290781021994,-0.1436793296037757,Tragedy,Romeo & Juliet,Diana Louise Carter,Negative
Midsummer Mishaps,-0.2833385522165944,-0.25340726336925873,-0.008625222233552193,-0.11171887266330924,0.04258394034454574,-0.018234181162183942,0.06439460177419173,-0.021391471580740715,-0.01775767773592124,-0.0268543476347903,Comedy,Midsummer Night's Dream,Melissa Crismon,Positive
Midsummer in Santa Cruz a Back Flipping Good Time,-0.4130461103168696,-0.4611988451293536,-0.11662492112933809,-0.06096175546537061,0.014558452011549993,-0.038556706355062004,-0.009922316811840666,-0.04373214005484458,-0.05181772562375044,-0.040931508131583985,Comedy,Midsummer Night's Dream,Denise Battista,Positive
Minimalist Hamlet shows less is more,-0.3056061994087869,0.07434027927830406,-0.06917581884784262,0.05295669749940013,0.006964595512242686,0.10803185442611658,-0.11201906569373876,0.059337360581763636,0.04895244511851745,0.10150790193824082,Tragedy,Hamlet,Craig Melson,Positive
Mirren and Palmer Shine but This Dream Lacks Magic,-0.29752190837068876,-0.26010587804579877,-0.09504866126065534,-0.036805815867234234,0.10213566966347529,0.02162156705084558,-0.07567945551384167,-0.048211955935489374,-0.0344315057965256,0.035655786064474844,Comedy,All's Well That Ends Well,Vikki Jane Vile,Negative
Miscreant’s ‘Muppet Babies’ Macbeth is Ambitious Choice of Debut,-0.3807994968129541,0.12952795264621858,-0.21297477339533555,-0.21728325311747804,-0.07064372483419122,-0.030789623597800724,-0.06059978282003024,-0.016848053563559492,-0.0631155593545935,-0.08074533127861579,Tragedy,Macbeth,Ginny Quaney,Positive
"More Matter, Less Art in Fast-Moving First Quarto Hamlet",-0.2810648295089849,0.11321467978925492,-0.04584959883462899,-0.020925677125453613,-0.03647128777603089,0.11061077418837634,-0.02041016533231595,-0.03142991537285532,0.02268074355443944,-0.023075834460694854,Tragedy,Hamlet,Christopher Adams,Negative
"Much To Do with Hate, But More with Love",-0.317473798587283,0.08146067553449826,-0.022194655978620727,0.057382009741028334,-0.03903931357717688,-0.014318583335978297,0.21922624330724913,0.11935380042017324,0.11970749630745608,-0.16529456209030696,Tragedy,Romeo & Juliet,Jennifer Kramer,Positive
Museum-Piece Shakespeare Still Manages to Have Heart,-0.3632667708832072,0.07845804222101704,0.22789691691402508,-0.055118366803686994,0.09841257728972352,-0.005938491223279802,0.01204153023308524,-0.00952132225504325,-0.10103727192647419,0.03510692704598475,Comedy,Twelfth Night,Eric Minton,Negative
National's Hamlet is Fat and Scant of Breath,-0.28227006596390053,0.07463883379811305,-0.02529807870461509,0.035512864369280445,0.02044815123485777,0.13103182294902732,-0.10309522921447856,0.0899556751647899,-0.11497420286987246,-0.011186990850717095,Tragedy,Hamlet,Christopher Adams,Positive
Never Anything Can Be Amiss,-0.3207081211574186,-0.23807636873061572,-0.0035464313585412016,0.020639311463418845,-0.0727642747563911,-0.07682834683149356,-0.08884125972642927,0.07532410287353043,-0.04837350992873284,0.04179661757705715,Comedy,Midsummer Night's Dream,Kurt Daw,Positive
Never Bring a Robot to a Fish Fight,-0.3097022134806483,0.06374296631028475,0.2101837740295259,-0.08984808298309378,0.07050866644761593,-0.021420369105935814,0.09988416260709354,0.003256750495882353,0.28254741443574316,0.003097934715934226,Comedy,Twelfth Night,Jennifer Kramer,Positive
No More Yielding Than a Dream,-0.2961063179675745,-0.027071951156998272,-0.04491386682827955,-0.01410945496936319,-0.001605571443257699,0.09218531689489495,-0.024264841409226027,0.030077432056435743,0.11379435221601983,0.07588332479608563,Comedy,Midsummer Night's Dream,Matthew Barbot,Negative
No Recurring Dream,-0.3731201158322445,-0.24662974390723155,-0.08859713877319804,0.07912708208274512,0.10172372860976364,-0.013791914732928455,-0.025280762238067044,-0.08783856957250435,-0.052201992228061815,0.01253913443970944,Comedy,Midsummer Night's Dream,Matthew Barbot,Positive
Not Too Serious Twelfth Night,-0.25023246092617246,0.01628903301638855,0.3281310552987701,-0.1415607103211977,0.09168875627093298,-0.06892556372895473,0.010438628636705189,-0.0770271248764548,-0.08824861237568432,-0.04313984904141574,Comedy,Twelfth Night,Melissa Crismon,Positive
Not Your Garden-Variety Midsummer Night's Dream,-0.2325670376039662,-0.2410927093818674,-0.0629465887377584,-0.012221929175351042,0.028317136595740207,0.047828808048570814,-0.019941072471418034,0.006225660491447993,0.06751879577619468,0.022950838788407434,Comedy,Midsummer Night's Dream,Benjamin Alper,Negative
Not Your King James' Macbeth,-0.2629286646694607,0.1748531589901438,-0.2655197626041805,-0.27163506892649836,-0.0480713508834354,-0.12099400054719385,-0.057942561626248924,-0.15252002363480333,-0.014524743212107187,0.020830804207169956,Tragedy,Macbeth,Tue Sorensen,Positive
OSF Acknowledges Our Changeling World,-0.43945727158493647,-0.3123323244435475,-0.07071909137939451,-0.04713380303124373,0.039535491313544315,-0.04618164792153649,-0.031668817147406964,-0.01572030045219961,-0.034236989838869594,0.0004191088848043449,Comedy,Midsummer Night's Dream,Denise Battista,Positive
Off Center Midsummer Takes the Stage,-0.29016797700528657,-0.23276580368583358,-0.006053438529248847,0.013250785788740456,-0.006629802034943295,0.03782939678105181,-0.015765118740185675,0.0072315178359989634,-0.11040118075493129,0.08377669210684806,Comedy,Midsummer Night's Dream,Michael Meigs,Negative
"On a Summer Night, Buffalo's ""Midsummer"" is Magical",-0.3278862362367846,-0.3980691467804828,-0.0660132145528603,-0.05581953262663321,0.08050858810498837,-0.03443487906810252,0.022361114506519827,-0.01028468654619157,-0.05769179233493121,-0.0071400961939230845,Comedy,Midsummer Night's Dream,Diana Louise Carter,Positive
One Hundred Minutes of the Beautifully Horrible,-0.31529880810305844,0.18786807786977458,-0.2425131413878458,-0.21206084947303194,-0.06382233208482255,-0.14886509699721548,-0.035245383567197204,-0.09024483419051678,-0.04291309921110602,-0.011118355297012838,Tragedy,Macbeth,Roseanne Wells,Positive
Opposites Attract In Twelfth Night!,-0.325867162256456,0.0800406350273528,0.15923641273187877,-0.09620589754528427,0.09915595238292256,0.002304747049532019,0.024439173227411043,0.0399217262208995,0.0009202971340412005,0.07240487154072466,Comedy,Twelfth Night,Benjamin Alper,Positive
Orson Welles's Film Noir,-0.2833391684016659,0.16888614574729413,-0.14132474541111328,0.39502417360773323,0.3508016122858502,-0.23491722801850148,-0.2446498813756331,-0.2945650338877204,0.15766076208047755,-0.0013455050173962861,Comedy,All's Well That Ends Well,J. A. Macfarlane,Positive
Othello Definitely Not a Wash-Out,-0.27105406762582157,0.10306912916300316,-0.013594076836207048,0.3397639891128589,0.19079227096678011,-0.09585026570015237,-0.020575880055585173,-0.1650274272874797,-0.23587643984358933,-0.021604884153979858,Tragedy,Othello,Claudine Nightingale,Positive
Othello Provokes Thought If You Read Between the Lines,-0.327382206593109,0.12317343377528556,-0.04756656549221581,0.28563753656547175,0.21766468143144382,-0.19838234966542728,0.02079878924139166,-0.19773503044377747,-0.1867856286519274,-0.038780039546213396,Tragedy,Othello,Denise Battista,Positive
Outdoor Shakespeare Returns to Atlanta,-0.2935634787007971,0.03281127596297489,0.16941585073714122,-0.11407458211568512,0.12311087615950134,0.057574622235807796,-0.009502256679600713,0.002257089857676739,0.04702702502413405,0.04872992930205437,Comedy,Twelfth Night,Benjamin Alper,Positive
Overheard at Elsinore,-0.2913994138918154,0.09022588042622737,0.04704705552524052,0.022813169408082316,-0.10269173091896885,-0.06620690071042462,0.1158514354998866,0.06164623222230103,-0.04053438509991784,-0.10993846747910126,Tragedy,Hamlet,Jennifer Kramer,Positive
PAC’s Problem Play is No Problem At All,-0.302113144970011,0.07193771777884071,0.04670740762965491,0.04252489037307465,-0.062264413196676,-0.05232893620794129,0.21746961572254045,-0.035852893148879926,0.02840125399094135,-0.12456301376065405,Comedy,All's Well That Ends Well,Jennifer Kramer,Positive
PSF Season Opens: Suit the Words to Music and Action,-0.3053811466330808,0.04444673979322706,0.23786791744888963,-0.09456740834646575,0.07802580595760561,-0.0886474441274604,0.1577208278725856,-0.039930345249260736,0.06591314942565597,-0.1066090986802178,Comedy,Twelfth Night,Jennifer Kramer,Positive
"Passing on the Baton of Despotism, One Republic to Another ",-0.278443333286664,0.08873323443493718,-0.06962936619632469,0.059396047493521065,0.018398423262291606,0.02516146751095776,0.18359101407724956,0.11361981061082457,0.0053885249201764615,0.32996687706331607,Tragedy,Julius Caesar,Eric Minton,Positive
Pause from Contemporary Reference in Great Lakes' Macbeth,-0.28805596492257896,0.13980138925603378,-0.16649461364656254,-0.1439057586302216,-0.126877689432797,-0.12184404215797667,0.02673556315560277,-0.1231670513408413,-0.10564895903579355,-0.049648289636840946,Tragedy,Macbeth,Yuko Kurahashi,Positive
Petty Larceny Robs a Grand Design,-0.37572264884984446,0.0919710962006735,-0.0620110615122584,-0.0009156429880273426,0.04904592159606809,0.12440255895715607,0.06704746977730548,0.1898464228797567,0.04888626885546364,-0.2215297988104073,Tragedy,Romeo & Juliet,Eric Minton,Negative
Prague Shakespeare Heightens the Antic Side of Twelfth Night,-0.2682746399767312,-0.005122011111645569,0.44866637177076574,-0.19701255553272704,0.16504342429023441,-0.07905278695236839,-0.05954317676271073,-0.05007160733623992,-0.02884170447083333,0.05694548285534822,Comedy,Twelfth Night,Cynthia Greenwood,Positive
Prophesy Points to Possibilities in the Scottish Play,-0.3088014350560387,0.1892101641996731,-0.25699121978675904,-0.28530121828246496,-0.04438651542765955,-0.16837551706432557,-0.019906875346287187,-0.13097536596252338,-0.06923595956347438,-0.02789050926614236,Tragedy,Macbeth,Denise Battista,Positive
"Provocative, Unadulterated Romeo and Juliet to the Extreme",-0.3754751747517268,-0.016541789056852375,0.0013494939351505388,0.028821296573977695,0.07513729363618343,0.11718264776034522,0.013184796576476858,0.12582251246805023,-0.07963143732840738,-0.16495265842771173,Tragedy,Romeo & Juliet,Denise Battista,Positive
Puppets Dreaming Dreams,-0.36639946493062897,-0.16923745928468223,-0.06674876966952586,0.02010784349649395,0.06385482796692211,0.12095143324862173,-0.11346138767033917,-0.010231230290573361,0.03668153788533127,0.040549132245373376,Comedy,Midsummer Night's Dream,J. A. Macfarlane,Positive
RSC Takes a Joyful Romp in Arden,-0.28023651059101823,-0.03162574453284541,0.15576466724327437,0.07166070855249458,-0.18319150590507496,-0.17097197813595225,-0.1421036732226826,0.0520288993866966,-0.06835387579754133,0.017335018328207014,Comedy,As You Like It,Christopher Adams,Positive
RSC's Caesar Strikes Too Close To Home,-0.26553480872342583,0.12512393799382443,-0.13056639020230676,0.026016954600170488,-0.00718643176835955,-0.005816933237872373,0.1999070730677004,0.14545117918357006,0.005174971794582008,0.2028026441323721,Tragedy,Julius Caesar,Christopher Adams,Positive
"Raw, Primitive Macbeth is Ambitious, Intense, and Excellent",-0.42277954457847655,0.11616668361163912,-0.1608896512161595,-0.13265622753250542,-0.06740220998577348,0.00858196831423431,-0.024971295948289066,-0.02125136586707699,0.012218023496003094,0.0033664808680200116,Tragedy,Macbeth,Ginny Quaney,Positive
Revival Tours Chesco with a Late Summer Night’s Dream,-0.3433649102985943,-0.3357662850022654,-0.06209709131738314,-0.02324319501169224,0.03216869512490279,-0.04387962753312547,0.10592373279401034,-0.05224597841439986,0.07040624846300399,-0.005832002559211628,Comedy,Midsummer Night's Dream,Jennifer Kramer,Positive
Richard Burton's Hamlet (1964),-0.3518370842610293,0.10030420408641799,0.01963533158437083,0.04771328394773867,0.1347082437928514,0.03249065878226056,-0.08725830988379876,-0.0006304450304432914,0.08542719967780107,0.04923295143174936,Comedy,All's Well That Ends Well,Tue Sorensen,Positive
Romance Blossoms in Regent's Park,-0.2413789548121842,0.029424228398523346,-0.012392642782429906,0.02083825401269635,0.06537195629136625,0.08011247706693234,0.024626180605185847,0.11085752510797517,0.01742385418243078,-0.05974118104165625,Tragedy,Romeo & Juliet,Claudine Nightingale,Positive
Romeo & Juliet: A Requiem,-0.3009254627040045,0.10605768586200597,-0.034644350431697675,0.0019566315306961644,-0.03979333575551115,0.06985429086930918,0.16817021609565055,0.10022813107481723,0.03088112304113544,-0.12002486784340381,Tragedy,Romeo & Juliet,Jennifer Kramer,Positive
Romeo and Juliet Break Some Long-Overdue Barriers,-0.3682610312191826,0.013218973826729298,-0.045749955377312024,-0.005593459498209521,0.031677800224695365,0.10248262803271482,-0.10842808638691454,0.027078556177438613,0.08678418005330699,-0.0018389776163673316,Tragedy,Romeo & Juliet,Liz Kimberlin,Positive
Romeo and Juliet Transcend Vanity,-0.35015669634023916,-0.01160342182326087,-0.06413092351563346,0.07479687538064497,0.08751752075455639,0.11319714283550013,-0.007935929782668402,0.20603480372593272,-0.01558424633908367,-0.11121173624664402,Tragedy,Romeo & Juliet,Jack Morgan,Positive
Romeo and Juliet on a Gender Bender,-0.26436207068209955,0.04607873456140525,0.060094259309010294,-0.019486478153611483,-0.008846298997240293,0.06228586150127685,0.04396746056452082,0.026745096317093063,0.14062437051187032,0.03637589829084612,Tragedy,Romeo & Juliet,Georgina Petronella,Positive
Romeo at the Rosemary ,-0.23505557744068992,0.023223315942897525,-0.031474801840784106,0.06710518977299387,0.028860666532262876,-0.004762172397055064,-0.05338858696862407,0.005068398301291294,0.14716276017841654,0.04887752170749003,Tragedy,Romeo & Juliet,Craig Melson,Negative
Roses Doth Fall at the Shakespeare Theatre,-0.30564922042924647,0.0611261145669041,0.4074736789500761,-0.2096161619610251,0.1784732865290769,-0.048207171015814065,-0.05609462369743926,-0.06259711923605618,-0.04267088527188918,0.021617719327964215,Comedy,Twelfth Night,Georgina Petronella,Positive
"Roundhouse's Macbeth, Meet Point Break Live!",-0.3208488363110711,0.10362566053606999,-0.1294508474986863,-0.059815367952035035,-0.001200058830273052,0.049579938617232436,-0.09589655034690461,0.00012865312294231416,0.07340445925375552,0.10009723519975249,Tragedy,Macbeth,Barry Eitel,Negative
San Francisco Audiences Need to Catch Up to a Post-Modern Macbeth,-0.31394268392276525,0.15004634788368476,-0.1955952850502936,-0.17147841235986166,-0.04457707597952325,-0.11015099002160422,-0.12740238571297444,0.019233910033916727,-0.13913342967208994,-0.05751832096316939,Tragedy,Macbeth,Denise Battista,Positive
San Francisco Shakespeare Hits It with a Lusty Dream,-0.322448886722415,-0.4129142654227132,-0.07699780285625661,-0.04477176298329938,0.05299638924372882,-0.04600201429948945,-0.015420613661653506,-0.029319440172963816,-0.027479546391850317,0.012758090740138648,Comedy,Midsummer Night's Dream,Denise Battista,Positive
"Shakespeare Set in the Summer of Love: ""There's Life in it, Man""",-0.30337999428484635,0.000679232264175583,0.2450138595587487,-0.1385986963697532,0.11026514851996909,-0.06072233125864402,-0.0011997547583994998,0.018204471511650458,-0.13702044618549633,0.0014563323165174818,Comedy,Twelfth Night,Denise Battista,Positive
Shakespeare's Seinfeldian Comedy,-0.4056318079828814,0.07410087410132334,0.03553844481985388,0.0779141497710524,-0.09229033331673471,0.24771935605213385,0.001970551814966845,-0.18619143992623038,0.054525744909267385,0.021824033910689794,Comedy,Love's Labour's Lost,Michael Kostroff,Positive
Show Us Your Love,-0.304925671676244,0.09953371184297592,-0.022511487237122825,0.09999194425245705,0.011757732866959393,0.0018345961998937578,0.21591221955401413,0.13822937495739285,0.09105040791278583,-0.17114859447722738,Tragedy,Romeo & Juliet,Jennifer Kramer,Positive
Shrewds Apply 21st-Century Gender Practices in a Fanciful As You Like It in Austin,-0.3366593272961133,-0.046293769295646076,0.2538551353665306,0.07921239164646322,-0.23889953860622956,-0.14331971363664903,-0.19174826256547692,0.08245916615200052,-0.041162259194248506,0.13148844541447066,Comedy,As You Like It,Michael Meigs,Positive
Slow-Paced but Light-Hearted Love’s Labor’s Lost,-0.2895438077056713,0.0001908625818498235,0.14502120983064698,-0.019644153794794228,-0.1811226123061317,0.08319025473231671,0.2409096449585906,-0.2988976329937183,0.08293769770141049,-0.11817639860019108,Comedy,Love's Labour's Lost,Jennifer Kramer,Positive
So a Cat and a Dog Fall in Love...,-0.2736157845195008,0.03711569251542859,-0.04561110585508869,0.04542595450796191,0.030905005296828457,0.13038717145784792,-0.0678896617295906,0.12005114379815573,0.058427000412980164,-0.14550370175993468,Tragedy,Romeo & Juliet,J. A. Macfarlane,Positive
Some Achieve Greatness,-0.4119496591363581,0.11344007221129429,0.25906309812055633,-0.14979324545859554,0.20207090731889782,0.016120392849711236,-0.055364974600567496,0.026326884806574108,-0.04686464213324293,0.026877384187456953,Comedy,Twelfth Night,Eric Minton,Positive
"Something New, Something Old",-0.2564160892849222,-0.03501103527650386,0.13437277784925167,0.04994547694026214,-0.16921719523890627,-0.1263047902927627,-0.08147107625110062,0.043931317122935035,-0.025251259795708417,-0.05350669186178156,Comedy,As You Like It,Melissa Crismon,Positive
Star-Studded Hamlet Offers Horror and Hilarity,-0.31697997614323264,0.12862657572130945,-0.049120398250026745,0.039799538595057284,0.029698933544483226,0.09974660601357362,0.023907943231064804,0.12618322395884507,-0.1156840301677969,-0.10134437002727362,Tragedy,Hamlet,Claudine Nightingale,Positive
Stars Rise as Mighty Caesar Falls,-0.287555447123935,0.06790087806846948,-0.10215835722932808,0.06132552215179412,0.0197560580167112,-0.09938141520264426,0.21884157887499872,0.09252497661755599,-0.09214865647965226,0.4466234027264656,Tragedy,Julius Caesar,Denise Battista,Positive
Stewart is Sublime in Goold's Gory Show,-0.26777211091106096,0.1737372415295367,-0.25232903623985686,-0.09773643461494722,0.05844508073469708,-0.10905047125770469,-0.15852054373975288,-0.09935197612886824,0.05240938326897095,0.01843528510495978,Comedy,All's Well That Ends Well,Vikki Jane Vile,Positive
Stratford Othello Does Nothing to Bolster Its Reputation,-0.2978965946677483,0.10282442905555375,-0.05583218155812058,0.13610036346781265,0.10510008107917065,0.06099881753920404,0.0639347359948987,-0.056384004945111865,-0.08201879468884404,-0.004375431764590579,Tragedy,Othello,Tanya Gough,Negative
Street Art and Anti-Psychology: The Wilma Theater's Hamlet,-0.35857165454837553,0.09358364016793393,-0.02431400563728955,0.06190235914061012,-0.0421120511890224,-0.04344881576841098,0.09663414678457612,0.06663435848217947,-0.013358595223284,-0.07543119244514078,Tragedy,Hamlet,Jennifer Kramer,Positive
Students Tackle Hamlet with Heart,-0.31774601009805914,0.02934823570569863,-0.033210394465801006,0.04423912156926666,-0.01942799122249026,0.07397870354992477,-0.0187815541293279,0.07885864495873794,0.0402527753784756,-0.0006373667384650278,Tragedy,Hamlet,Georgina Petronella,Negative
Surprises Keep Classic Love Story Fresh,-0.28355575556449053,0.03695891743673566,0.03233944066217345,0.11692761519512396,0.00047884204526631776,0.06809196701369735,0.05257111840211384,0.10737426446014607,0.020268443172236323,-0.07819345364104452,Tragedy,Romeo & Juliet,Glenda Pearce,Positive
Swashbuckling with the Bard,-0.3024849410802661,0.06533872688815787,0.013126203322693583,0.029926782008636705,-0.03617123354986634,0.0954164794115434,0.01145969898727002,-0.008455630344916155,0.2044440665418699,0.035271927463084427,Tragedy,Romeo & Juliet,Barry Eitel,Negative
Swivel Makes Confident Debut with Othello,-0.2880304682042978,0.08528809075939013,-0.028429477617506044,0.17836611375260386,0.010216381562603094,-0.11315945978308839,0.015315599741942281,-0.04700729262276393,-0.12463013984183159,-0.03097538303590714,Tragedy,Othello,Christopher Adams,Negative
Swivel is One to Watch,-0.2646312682840318,0.05711501363315787,0.0805841728088996,-0.05903589821952874,0.08717650871646328,0.03754417371769687,-0.01740033090138161,0.034214028309824854,0.01890403222458201,0.049381285674090294,Comedy,Twelfth Night,Archie Maddocks,Negative
TFNA Brings Star Quality to the Small Stage,-0.2925021517948003,0.09971204300541348,-0.026863638831467477,0.3094375042545125,0.1614220154738221,-0.1649649364983177,0.07306686035213637,-0.23218126087796467,-0.2126988772661108,-0.053876494604468375,Tragedy,Othello,Roseanne Wells,Positive
TSU's Romeo and Juliet: Death Hovers over Verona,-0.3550445067293654,0.017783110081759795,-0.050920952454809466,0.054876392196137415,0.007869029730815519,0.07636066778482681,0.03389527922724488,0.17637149777581057,-0.03280070618182944,-0.11008362742243814,Tragedy,Romeo & Juliet,Michael Meigs,Positive
Take Wing and Soar Productions' High-Spirited Hamlet,-0.2665257263458165,0.07583028831984462,-0.021790076980634555,0.07421619078261525,-0.0011412668187371902,0.06583985585657721,0.07760940588772468,0.10226821487339134,-0.013622929726001588,-0.06911138575182196,Tragedy,Hamlet,Elizabeth Bachner,Positive
Tepid Midsummer Lacks Laughs,-0.3854330285294616,-0.18503930664537177,-0.021685400641705734,0.018326997018768606,0.014360001169491439,0.04409895992703624,-0.036135443807488,0.03180350314243372,-0.005739096313326301,0.06442106585119885,Comedy,Midsummer Night's Dream,Michael Kostroff,Negative
Texan Feminists' Comic  Reversal of A Midsummer Night's Dream ,-0.3277385550698912,-0.23112448303482372,-0.05047019208569328,-0.09572845877676137,-0.06295478736231924,-0.03806607500171209,-0.11050677068527437,-0.01570245529752933,-0.06531543551718706,0.08776626008764685,Comedy,Midsummer Night's Dream,Michael Meigs,Negative
Texas State: The Cool Blue Twilight of As You Like It,-0.2821440903182845,-0.044702677620053685,0.18407655419050875,0.07783094650223858,-0.21799956132030818,-0.10593589391608624,-0.16542624256449662,0.1021333117659759,-0.1631706737513635,0.034277741160129264,Comedy,As You Like It,Michael Meigs,Negative
The Ambiguity between Reality and Dream: The Great Lakes Theater production’s A Midsummer Night’s Dream,-0.2590142948671275,-0.3460142754649752,-0.09983213087899429,0.016188874106952366,-0.015629946101403017,-0.09449640878479412,0.020310819608910714,-0.01693307133357524,-0.022842028632184857,0.035246682714423466,Comedy,Midsummer Night's Dream,Yuko Kurahashi,Positive
The Arden's Flashy Scottish Play,-0.3235706318687202,0.1148141180276242,-0.13734350524582173,-0.16653950629040104,-0.052583060888367936,-0.131773469917781,0.06985052333097087,0.021793122231884732,-0.0014176654319595602,-0.02069861449183027,Tragedy,Macbeth,Jennifer Kramer,Positive
The Extreme(ly) Funny Love’s Labour’s Lost,-0.3389340753355451,-0.012047779992263799,0.07286714217125506,0.03159292877900617,-0.1824531859081204,0.17081190039232777,0.16570594280233136,-0.21403443583289125,0.0917894141950252,-0.11018676278992583,Comedy,Love's Labour's Lost,Jennifer Kramer,Positive
The Eye of Man Hath Not Heard What this Dream Was,-0.3452768922064499,-0.1577599644232677,-0.09636978226029651,0.043011934623665635,0.055822310906500125,0.14711471095414735,0.013491959560593191,-0.02420698717904656,-0.003363080215152214,0.029011719392700547,Comedy,Midsummer Night's Dream,Claudine Nightingale,Negative
"The Fault, Dear Brutus...",-0.3125671206757938,0.06924959300366858,-0.04351597271507027,0.004091947920223897,0.008512487501969531,0.00984112578500549,-0.02476196564056181,0.046068788535437194,-0.03000046722618819,0.0697976146042317,Tragedy,Julius Caesar,Michael Kostroff,Negative
"The Festival of Colors, Festival of Love",-0.33120726222554187,-0.22864678341075756,-0.0023611932673571756,-0.0035480833175231324,-0.03794289671187459,-0.0759554152357989,0.1712668402494288,0.01609812581383814,0.05380123119679901,-0.09028811490509962,Comedy,Midsummer Night's Dream,Jennifer Kramer,Positive
"The Force, Beauty, and Originality of Verdi's Otello",-0.25788389083760294,0.08674401554716385,-0.04550989616578271,0.16944581487724908,0.13120253001788562,-0.10024165800709635,0.05912185287848815,-0.04126263310102429,-0.1891282740241993,-0.09621060704295081,Tragedy,Othello,Denise Battista,Positive
The Hedgerow’s Little But Fierce Midsummer,-0.3008176695941805,-0.22761049151412396,0.0018463814467567126,-0.03295843654796326,-0.06423924023637576,-0.0682002631098945,0.13590187816659932,-0.049566257122756884,0.10868218970960933,-0.013720880642888102,Comedy,Midsummer Night's Dream,Jennifer Kramer,Positive
The Ills We Do: Race and Gender in ASP's Othello,-0.3184719735131441,0.08716154305625468,0.025089166682234203,0.1716863834695715,0.030474638999149456,-0.13647236473140395,0.08646372990039401,-0.0782656240952622,0.016067622284925497,0.01859550709024638,Tragedy,Othello,Deirdre Yee,Negative
The Many Ghosts of Hamlet,-0.3019036977550003,0.10766969850200776,-0.042860240979525975,0.06953716544033291,0.05017826342561928,0.08479497509595385,-0.09668152586515383,0.008139171807801774,0.1533122122349815,0.0592860036444739,Tragedy,Hamlet,Matthew Kellen Burgos,Positive
The PSF Goes into the Woods,-0.27676229601516944,-0.03532936025340621,0.19831786736275994,0.1434111244416633,-0.3699213104281556,-0.29160156461908776,-0.06526773368099817,0.07876841541446439,0.08507016201162655,-0.027110841262594818,Comedy,As You Like It,Jennifer Kramer,Positive
The Restless Ecstasy of As You Like It,-0.28356685315066804,-0.020566687898888266,0.1514768235919301,0.09889427232708585,-0.24626636002638624,0.02936322051914885,-0.19374064422754736,0.018397859950215853,-0.1147283496356193,0.11920565730356085,Comedy,As You Like It,Michael Meigs,Positive
The Scottish Fall Thriller,-0.30690536417595343,0.17168151185348482,-0.1960119721876396,-0.19196075608879792,-0.09719534749636591,-0.20093561117107725,0.09454657617421477,-0.10200327785899242,0.046479698406677296,-0.03451404057179667,Tragedy,Macbeth,Jennifer Kramer,Positive
The Scottish King and the CIA,-0.32834881766246116,0.1774311431824256,-0.2290972354557359,-0.184968869701416,-0.08532661516991188,-0.10421962110308107,0.010980685672467893,-0.012425725963863538,-0.010440279207085418,-0.06347930869439597,Tragedy,Macbeth,Yuko Kurahashi,Positive
The Scottish Play That is All Play,-0.26070501183411426,0.13475859644484944,-0.16596222103209962,-0.14592540376078092,-0.07128644945130576,-0.06432186089083997,-0.04038187913228073,0.005319409918551457,-0.07530255348533797,-0.028545294597191826,Tragedy,Macbeth,Christopher Adams,Negative
The Store-front Scottish Curse,-0.28918840445929106,0.06685289353395603,-0.06697625924194968,0.0476553789579072,-0.030502301757335683,-0.008515720239753543,0.06947039134105554,0.03003899381380941,0.09841416597485556,0.028677554946139067,Tragedy,Macbeth,Matthew Kellen Burgos,Negative
The Tragedians of the City Waterfront,-0.31807540849030513,0.10723312890772843,-0.037432973787769566,0.03389677755543731,-0.037187596838334405,0.030137257878037556,0.127863487507613,0.08600025565274778,0.020655535954878897,-0.117209979641276,Tragedy,Hamlet,Jennifer Kramer,Positive
The Two Sirs Steal the Show in Twelfth Night,-0.3324860110869683,0.06654309622642982,0.1567478215144619,0.01046305364837438,0.06465459624905627,-0.0324842960663013,-0.03640990572609948,-0.0036125224739107734,-0.0006625803765997469,0.007156731698430606,Comedy,Twelfth Night,Claudine Nightingale,Negative
TheatreRats Reinvent Romeo and Juliet to a Hip-Hop Soundtrack,-0.33597434683224153,0.07367072009052465,-0.040224087670781505,0.0021351470762457168,0.07306582114507164,0.10149304914872437,-0.052293333600498114,0.1578267314654441,0.022354870059236448,-0.10260370994134291,Tragedy,Romeo & Juliet,Liz Kimberlin,Positive
There Will Be Blood,-0.27870890465449194,0.1041424238619142,-0.14282652017800831,-0.22638139149818248,-0.09981770596609957,-0.14488860887957322,0.007815732945130029,-0.07645320468411618,-0.09824447030687351,-0.08885944378805129,Tragedy,Macbeth,Melissa Crismon,Positive
"Thugs, Hookers, and Hip-hop in Toronto's Romeo and Juliet",-0.3960641943793426,0.12440281840467778,-0.06596051345038341,0.0746604710349214,0.09362442387960482,0.08445552959294439,-0.01714670352511751,0.21349552186200707,0.05710789072326921,-0.1429592575135707,Tragedy,Romeo & Juliet,J. A. Macfarlane,Positive
Time’s Up for Rossillion,-0.2969217696159596,0.05035029811166734,0.08297105912433164,-0.03806639395155868,-0.1486108490854751,-0.05182259786716765,0.15180479347759449,-0.08632495064527823,-0.009618575163832323,-0.12697418500271457,Comedy,All's Well That Ends Well,Jennifer Kramer,Positive
To Be Once in Doubt is To Be Resolved,-0.29926505151337435,0.1243777776072462,-0.014306737037449906,0.3720101335844184,0.21721455773059195,-0.09068885616596344,-0.0002777690192404779,-0.1903766855083707,-0.2176939738309183,-0.043871092444807025,Tragedy,Othello,Claudine Nightingale,Negative
Transformative Twelfth Night from Delaware Shakespeare,-0.33432637523631537,0.06820071194173806,0.11957518692118176,-0.028902525747345816,0.12172763569036882,-0.06696481175150118,0.1507773052599952,0.06567042952637892,0.1590752295650087,0.03882817156360978,Comedy,Twelfth Night,Jennifer Kramer,Positive
Trends Foretold in Media Theatre’s Political Julius Caesar,-0.255894590021675,0.09104512637372478,-0.05927623414424628,0.03242853929100861,-0.013001288378895628,-0.1177130252735473,0.3027300905942065,0.0629183800259274,0.050986260424718356,0.1392606023341731,Tragedy,Julius Caesar,Jennifer Kramer,Positive
Twelfth Night Goes for Synthesis through Antithesis,-0.30299346451090803,0.03615893140085719,0.264795706173883,-0.13243926032740735,0.1484841743124826,-0.0506765164779974,-0.010494500628525085,-0.023309686610663533,-0.12749059277180808,0.012592171812928273,Comedy,Twelfth Night,Denise Battista,Positive
Twelfth Night Offers Clarity with Complications ,-0.2603596882725414,0.07551300940089942,0.2579343399964881,-0.11202806114340177,0.20410105890225597,0.03626731388204639,-0.03674742346580942,-0.016609303398375738,0.04916930559322055,0.02875441334376926,Comedy,Twelfth Night,Claudine Nightingale,Positive
Twelfth Night in Twenties Time Warp,-0.2753650716902237,0.10227633623213607,0.22427858387323363,-0.13860627998933053,0.2955020092041235,-0.027823460585498706,-0.08857600824916839,-0.10137363205157346,0.1910172247058383,0.038544376515840195,Comedy,Twelfth Night,Claudine Nightingale,Negative
Twelfth Night is a New Perspective at the National,-0.3096069533780463,-0.04046798337528108,0.32088363208602755,-0.21339310968235145,0.25662880699886564,0.009700877642806553,0.009074603319094389,-0.10973102151056735,-0.03213039742983316,0.010528463733160577,Comedy,Twelfth Night,Christopher Adams,Negative
Twelfth Night with Bob Dylan at the Helm,-0.3435207881713662,0.021935283287153533,0.2843982745239859,-0.13976741905856216,0.11597425579160252,-0.013317025377886349,-0.013656759615961222,-0.013139351941292782,-0.12012301621790256,0.018606886430522565,Comedy,Twelfth Night,Denise Battista,Positive
Twelfth Night with Funny Bones But No Guts,-0.28769048716027756,0.059620493164416095,0.143134141294123,-0.07550609868220928,0.08374619262427445,-0.029412039493523258,0.09677280574369573,-0.02273936795261576,-0.06456785786893873,-0.01339316584216586,Comedy,Twelfth Night,Roseanne Wells,Negative
Twelfth Night: A Space Oddity,-0.2738435299163133,0.0041823429539975775,0.22854433158429638,-0.1758249603582327,0.07601476135341105,-0.06894734665630864,0.0945809936013378,-0.02206306084417691,0.1572408658632057,-0.009493327417825595,Comedy,Twelfth Night,Jennifer Kramer,Negative
Twelfth Night’s Jazzy Background Doesn’t Hit All the Right Notes,-0.30205238076752144,0.06739247323069464,0.12528608752449494,0.015271509684582858,0.06043897901896438,-0.03560832200541727,0.12930203420438724,0.007394826583461352,0.20611344353391817,-0.049457958533039414,Comedy,Twelfth Night,Jennifer Kramer,Negative
Two Lovers: Too Innocent,-0.2877702865560656,0.026032518520459676,0.0227000254161517,0.09359229308335806,0.006246261039358979,0.09886453410511263,0.011527638526377077,0.001405554092377905,0.013402223127949347,-0.046775483950438276,Tragedy,Romeo & Juliet,Claudine Nightingale,Negative
Two Star-Crossed Lovers and a Lot of Blood,-0.3473756900581008,0.0674247466969014,-0.0771020121049312,0.08507933929169562,0.05120363956486407,0.0635420359792032,0.1635064188963339,0.1536501014998231,-0.0020155597593491973,-0.20983578489858362,Tragedy,Romeo & Juliet,Denise Battista,Negative
Unexpected Magic in Geva's Dream,-0.33917411468803266,-0.40172242855777746,-0.014670062780497482,-0.02260400857316094,-0.03697102644710294,-0.06811516092481289,-0.005645969565290308,0.009652375419148701,-0.05204038492144241,0.01106542118628007,Comedy,Midsummer Night's Dream,Diana Louise Carter,Positive
Unsex Me Here,-0.32253464955589756,0.09988249106116436,-0.11880409447511657,-0.14024723224613955,-0.1261060063262213,-0.03440818492442361,-0.06818432778599677,-0.15039598281169828,0.09493722037071259,0.14554647168898863,Tragedy,Macbeth,Jack Morgan,Positive
Uptempo Action for Romeo and Juliet,-0.2854471989974428,0.02635134866004168,-0.03277319303668824,0.055361351969907595,0.04249335935299186,0.0909514658617973,0.02277662203028268,0.1352912399956712,0.03592350753604628,-0.06793236578537278,Tragedy,Romeo & Juliet,Ina Rometsch,Negative
"Vows, Chaos, and the Restoration of Harmony",-0.28004007130078545,0.054144149768557526,0.0024462177551599074,0.035793784158979554,-0.20642197595704065,0.10171644274325163,0.06773255162758274,-0.2525949090238113,0.020825616790621254,0.05823668960856857,Comedy,Love's Labour's Lost,Yuko Kurahashi,Positive
Vulgarity and Violence Turn Shakespeare’s Dream into A Cock and Bull Nightmare,-0.33580215435493366,-0.16791911980874252,-0.0690805581475913,0.011569752390547408,0.040338351377588635,0.0764758636061749,-0.04646019333051238,0.030251342591692425,-0.012243284542325443,0.0017235516371377699,Comedy,Midsummer Night's Dream,Denise Battista,Negative
Well Met By Disco's Light:  The Donkey Show,-0.3302548948369141,-0.22087619628005237,-0.036672802250307716,0.011931734420689143,0.034415254741103525,0.03418592993233911,-0.01937911097522492,0.0017254997414107853,-0.02951862049486586,-0.0051620052459036905,Comedy,Midsummer Night's Dream,Deirdre Yee,Positive
What's Going On? That is the Question.,-0.22955012928452787,0.11455015017957365,-0.11619788493685491,0.14079287276069472,0.20125090967035536,-0.05672682367223536,-0.3196272357091434,-0.1313578537802447,0.352365133560247,0.07032932643522087,Tragedy,Hamlet,Matthew Barbot,Negative
Who Needs Dragons with Classics Like Hamlet?,-0.2483765650914874,0.09138820950387502,-0.06263332429450659,0.014571763714806684,0.02190903453653795,0.05061594162954136,0.034946333793560276,0.028244468270218544,0.029052287297905523,0.1608792924316299,Tragedy,Hamlet,Benjamin Alper,Positive
Why No One is Talking About Fassbender’s and Cotillard’s Macbeth,-0.3498648551206817,0.20294908917027513,-0.21878439170881236,0.01704674112841774,0.08912134937943288,-0.06056440117955354,-0.20097865297219855,-0.09693318301974659,0.23690805843676202,-0.026644367485648964,Comedy,All's Well That Ends Well,Robert M. LoAlbo,Negative
Witch's View,-0.24522876886021155,0.14006408679635687,-0.24130356711417655,-0.2698532332127419,-0.03713603152761032,-0.09319603011997046,-0.15944433506543915,-0.1379825326143181,-0.020527321158403198,-0.002286486334726356,Tragedy,Macbeth,Matthew Barbot,Positive
Witches Rule in Macbeth's Court,-0.3096352428489352,0.16042724014541998,-0.23677591349189975,-0.30555322859334444,-0.0328833589416821,-0.083878532095545,-0.19027310519230525,-0.045046248150442426,-0.12530348127863888,-0.012844870875409458,Tragedy,Macbeth,Denise Battista,Negative
"Words, words, words...although not as many as you'd think.",-0.25746181801676027,0.024593462032249828,-0.012432268785171435,0.06709434530774715,0.022647986032335095,0.05474905536767107,-0.0472268767504291,0.017414240266454294,0.009273329141983432,-0.010183535257142348,Tragedy,Hamlet,Claudine Nightingale,Negative
Youthful and Musical Twelfth Night at the PST,-0.33315615171890894,0.08239368659554566,0.29074759282387264,-0.10835372399323803,0.14843261958179488,-0.12027195477972367,0.17759001320909787,-0.030283405135648672,0.14197872543545556,-0.044373526792231166,Comedy,Twelfth Night,Jennifer Kramer,Positive
iHamlet at the Philly Fringe,-0.2887659006803544,0.06078691151389819,-0.019478821560838314,0.029150267705077913,0.041360135887439184,0.0595162274497142,0.04596951019939762,0.06424447788401598,-0.01395600858935252,-0.06478457939675705,Tragedy,Hamlet,Jennifer Kramer,Positive
